Название;Местоположение;Ссылка
Азовский историко-археологический и палеонтологический музей-заповедник;город Азов;https://ru.wikipedia.org/wiki/%D0%90%D0%B7%D0%BE%D0%B2%D1%81%D0%BA%D0%B8%D0%B9_%D0%B8%D1%81%D1%82%D0%BE%D1%80%D0%B8%D0%BA%D0%BE-%D0%B0%D1%80%D1%85%D0%B5%D0%BE%D0%BB%D0%BE%D0%B3%D0%B8%D1%87%D0%B5%D1%81%D0%BA%D0%B8%D0%B9_%D0%B8_%D0%BF%D0%B0%D0%BB%D0%B5%D0%BE%D0%BD%D1%82%D0%BE%D0%BB%D0%BE%D0%B3%D0%B8%D1%87%D0%B5%D1%81%D0%BA%D0%B8%D0%B9_%D0%BC%D1%83%D0%B7%D0%B5%D0%B9-%D0%B7%D0%B0%D0%BF%D0%BE%D0%B2%D0%B5%D0%B4%D0%BD%D0%B8%D0%BA
Аксайский военно-исторический музей;город Аксай;https://ru.wikipedia.org/wiki/%D0%90%D0%BA%D1%81%D0%B0%D0%B9%D1%81%D0%BA%D0%B8%D0%B9_%D0%B2%D0%BE%D0%B5%D0%BD%D0%BD%D0%BE-%D0%B8%D1%81%D1%82%D0%BE%D1%80%D0%B8%D1%87%D0%B5%D1%81%D0%BA%D0%B8%D0%B9_%D0%BC%D1%83%D0%B7%D0%B5%D0%B9
Археологический музей-заповедник «Танаис»;хутор Недвиговка,Мясниковский район;https://ru.wikipedia.org/wiki/%D0%90%D1%80%D1%85%D0%B5%D0%BE%D0%BB%D0%BE%D0%B3%D0%B8%D1%87%D0%B5%D1%81%D0%BA%D0%B8%D0%B9_%D0%BC%D1%83%D0%B7%D0%B5%D0%B9-%D0%B7%D0%B0%D0%BF%D0%BE%D0%B2%D0%B5%D0%B4%D0%BD%D0%B8%D0%BA_%C2%AB%D0%A2%D0%B0%D0%BD%D0%B0%D0%B8%D1%81%C2%BB
Батайский музей истории;город Батайск;https://ru.wikipedia.org/wiki/%D0%91%D0%B0%D1%82%D0%B0%D0%B9%D1%81%D0%BA%D0%B8%D0%B9_%D0%BC%D1%83%D0%B7%D0%B5%D0%B9_%D0%B8%D1%81%D1%82%D0%BE%D1%80%D0%B8%D0%B8
Белокалитвинский историко-краеведческий музей;город Белая Калитва;https://ru.wikipedia.org/wiki/%D0%91%D0%B5%D0%BB%D0%BE%D0%BA%D0%B0%D0%BB%D0%B8%D1%82%D0%B2%D0%B8%D0%BD%D1%81%D0%BA%D0%B8%D0%B9_%D0%B8%D1%81%D1%82%D0%BE%D1%80%D0%B8%D0%BA%D0%BE-%D0%BA%D1%80%D0%B0%D0%B5%D0%B2%D0%B5%D0%B4%D1%87%D0%B5%D1%81%D0%BA%D0%B8%D0%B9_%D0%BC%D1%83%D0%B7%D0%B5%D0%B9
Боковский районный краеведческий музей;станица Боковская,Боковский район;https://ru.wikipedia.org/wiki/%D0%91%D0%BE%D0%BA%D0%BE%D0%B2%D1%81%D0%BA%D0%B8%D0%B9_%D1%80%D0%B0%D0%B9%D0%BE%D0%BD%D0%BD%D1%8B%D0%B9_%D0%BA%D1%80%D0%B0%D0%B5%D0%B2%D0%B5%D0%B4%D1%87%D0%B5%D1%81%D0%BA%D0%B8%D0%B9_%D0%BC%D1%83%D0%B7%D0%B5%D0%B9
Военно-исторический комплекс имени Н. Д. Гулаева;город Аксай;https://ru.wikipedia.org/wiki/%D0%92%D0%BE%D0%B5%D0%BD%D0%BD%D0%BE-%D0%B8%D1%81%D1%82%D0%BE%D1%80%D0%B8%D1%87%D0%B5%D1%81%D0%BA%D0%B8%D0%B9_%D0%BA%D0%BE%D0%BC%D0%BF%D0%BB%D0%B5%D0%BA%D1%81_%D0%B8%D0%BC%D0%B5%D0%BD%D0%B8_%D0%9D._%D0%94._%D0%93%D1%83%D0%BB%D0%B0%D0%B5%D0%B2%D0%B0
Волгодонский художественный музей;город Волгодонск;https://ru.wikipedia.org/wiki/%D0%92%D0%BE%D0%BB%D0%B3%D0%BE%D0%B4%D0%BE%D0%BD%D1%81%D0%BA%D0%B8%D0%B9_%D1%85%D1%83%D0%B4%D0%BE%D0%B6%D0%B5%D1%81%D1%82%D0%B2%D0%B5%D0%BD%D0%BD%D1%8B%D0%B9_%D0%BC%D1%83%D0%B7%D0%B5%D0%B9
Волгодонский эколого-исторический музей;город Волгодонск;https://ru.wikipedia.org/wiki/%D0%92%D0%BE%D0%BB%D0%B3%D0%BE%D0%B4%D0%BE%D0%BD%D1%81%D0%BA%D0%B8%D0%B9_%D1%8D%D0%BA%D0%BE%D0%BB%D0%BE%D0%B3%D0%BE-%D0%B8%D1%81%D1%82%D0%BE%D1%80%D0%B8%D1%87%D0%B5%D1%81%D0%BA%D0%B8%D0%B9_%D0%BC%D1%83%D0%B7%D0%B5%D0%B9
Государственный музей-заповедник М. А. Шолохова;станица Вёшенская, Шолоховский район;https://ru.wikipedia.org/wiki/%D0%93%D0%BE%D1%81%D1%83%D0%B4%D0%B0%D1%80%D1%81%D1%82%D0%B2%D0%B5%D0%BD%D0%BD%D1%8B%D0%B9_%D0%BC%D1%83%D0%B7%D0%B5%D0%B9-%D0%B7%D0%B0%D0%BF%D0%BE%D0%B2%D0%B5%D0%B4%D0%BD%D0%B8%D0%BA_%D0%9C._%D0%90._%D0%A8%D0%BE%D0%BB%D0%BE%D1%85%D0%BE%D0%B2%D0%B0
Гуковский музей шахтёрского труда имени Л.И. Микулина;город Гуково;https://ru.wikipedia.org/wiki/%D0%93%D1%83%D0%BA%D0%BE%D0%B2%D1%81%D0%BA%D0%B8%D0%B9_%D0%BC%D1%83%D0%B7%D0%B5%D0%B9_%D1%88%D0%B0%D1%85%D1%82%D1%91%D1%80%D1%81%D0%BA%D0%BE%D0%B3%D0%BE_%D1%82%D1%80%D1%83%D0%B4%D0%B0_%D0%B8%D0%BC%D0%B5%D0%BD%D0%B8_%D0%9B.%D0%98._%D0%9C%D0%B8%D0%BA%D1%83%D0%BB%D0%B8%D0%BD%D0%B0
Дом-музей С. М. Будённого;станица Будённовская,Пролетарский район;https://ru.wikipedia.org/wiki/%D0%94%D0%BE%D0%BC-%D0%BC%D1%83%D0%B7%D0%B5%D0%B9_%D0%A1._%D0%9C._%D0%91%D1%83%D0%B4%D1%91%D0%BD%D0%BD%D0%BE%D0%B3%D0%BE
Дом-музей М. Б. Грекова;город Новочеркасск;https://ru.wikipedia.org/wiki/%D0%94%D0%BE%D0%BC-%D0%BC%D1%83%D0%B7%D0%B5%D0%B9_%D0%9C._%D0%91._%D0%93%D1%80%D0%B5%D0%BA%D0%BE%D0%B2%D0%B0
Дом-музей В. А. Закруткина;станица Кочетовская,Семикаракорский район;https://ru.wikipedia.org/wiki/%D0%94%D0%BE%D0%BC-%D0%BC%D1%83%D0%B7%D0%B5%D0%B9_%D0%92._%D0%90._%D0%97%D0%B0%D0%BA%D1%80%D1%83%D1%82%D0%BA%D0%B8%D0%BD%D0%B0
Дом-музей И. И. Крылова;город Новочеркасск;https://ru.wikipedia.org/wiki/%D0%94%D0%BE%D0%BC-%D0%BC%D1%83%D0%B7%D0%B5%D0%B9_%D0%98._%D0%98._%D0%9A%D1%80%D1%8B%D0%BB%D0%BE%D0%B2%D0%B0
Донецкий историко-краеведческий музей;город Донецк;https://ru.wikipedia.org/wiki/%D0%94%D0%BE%D0%BD%D0%B5%D1%86%D0%BA%D0%B8%D0%B9_%D0%B8%D1%81%D1%82%D0%BE%D1%80%D0%B8%D0%BA%D0%BE-%D0%BA%D1%80%D0%B0%D0%B5%D0%B2%D0%B5%D0%B4%D1%87%D0%B5%D1%81%D0%BA%D0%B8%D0%B9_%D0%BC%D1%83%D0%B7%D0%B5%D0%B9
Донской военно-исторический музей;город Ростов-на-Дону и хутор Недвиговка;https://ru.wikipedia.org/wiki/%D0%94%D0%BE%D0%BD%D1%81%D0%BA%D0%BE%D0%B9_%D0%B2%D0%BE%D0%B5%D0%BD%D0%BD%D0%BE-%D0%B8%D1%81%D1%82%D0%BE%D1%80%D0%B8%D1%87%D0%B5%D1%81%D0%BA%D0%B8%D0%B9_%D0%BC%D1%83%D0%B7%D0%B5%D0%B9
Донской музей МЧС;город Ростов-на-Дону;https://ru.wikipedia.org/w/index.php?title=%D0%94%D0%BE%D0%BD%D1%81%D0%BA%D0%BE%D0%B9_%D0%BC%D1%83%D0%B7%D0%B5%D0%B9_%D0%9C%D0%A7%D0%A1&action=edit&redlink=1
Естественнонаучный музей Южного федерального университета;город Ростов-на-Дону;https://ru.wikipedia.org/w/index.php?title=%D0%95%D1%81%D1%82%D0%B5%D1%81%D1%82%D0%B2%D0%B5%D0%BD%D0%BD%D0%BE%D0%BD%D0%B0%D1%83%D1%87%D0%BD%D1%8B%D0%B9_%D0%BC%D1%83%D0%B7%D0%B5%D0%B9_%D0%AE%D0%B6%D0%BD%D0%BE%D0%B3%D0%BE_%D1%84%D0%B5%D0%B4%D0%B5%D1%80%D0%B0%D0%BB%D1%8C%D0%BD%D0%BE%D0%B3%D0%BE_%D1%83%D0%BD%D0%B8%D0%B2%D0%B5%D1%80%D1%81%D0%B8%D1%82%D0%B5%D1%82%D0%B0&action=edit&redlink=1
Жуковский районный музей краеведения;станица Жуковская, Дубовский район;https://ru.wikipedia.org/w/index.php?title=%D0%96%D1%83%D0%BA%D0%BE%D0%B2%D1%81%D0%BA%D0%B8%D0%B9_%D1%80%D0%B0%D0%B9%D0%BE%D0%BD%D0%BD%D1%8B%D0%B9_%D0%BC%D1%83%D0%B7%D0%B5%D0%B9_%D0%BA%D1%80%D0%B0%D0%B5%D0%B2%D0%B5%D0%B4%D0%B5%D0%BD%D0%B8%D1%8F&action=edit&redlink=1
Историко-краеведческий музей Песчанокопского района;село Песчанокопское,Песчанокопский район;https://ru.wikipedia.org/wiki/%D0%98%D1%81%D1%82%D0%BE%D1%80%D0%B8%D0%BA%D0%BE-%D0%BA%D1%80%D0%B0%D0%B5%D0%B2%D0%B5%D0%B4%D1%87%D0%B5%D1%81%D0%BA%D0%B8%D0%B9_%D0%BC%D1%83%D0%B7%D0%B5%D0%B9_%D0%9F%D0%B5%D1%81%D1%87%D0%B0%D0%BD%D0%BE%D0%BA%D0%BE%D0%BF%D1%81%D0%BA%D0%BE%D0%B3%D0%BE_%D1%80%D0%B0%D0%B9%D0%BE%D0%BD%D0%B0
Историко-краеведческий музей (Таганрог);город Таганрог;https://ru.wikipedia.org/wiki/%D0%98%D1%81%D1%82%D0%BE%D1%80%D0%B8%D0%BA%D0%BE-%D0%BA%D1%80%D0%B0%D0%B5%D0%B2%D0%B5%D0%B4%D1%87%D0%B5%D1%81%D0%BA%D0%B8%D0%B9_%D0%BC%D1%83%D0%B7%D0%B5%D0%B9_(%D0%A2%D0%B0%D0%B3%D0%B0%D0%BD%D1%80%D0%BE%D0%B3)
Каменский музей декоративно-прикладного искусства и народного творчества;город Каменск-Шахтинский;https://ru.wikipedia.org/wiki/%D0%9A%D0%B0%D0%BC%D0%B5%D0%BD%D1%81%D0%BA%D0%B8%D0%B9_%D0%BC%D1%83%D0%B7%D0%B5%D0%B9_%D0%B4%D0%B5%D0%BA%D0%BE%D1%80%D0%B0%D1%82%D0%B8%D0%B2%D0%BD%D0%BE-%D0%BF%D1%80%D0%B8%D0%BA%D0%BB%D0%B0%D0%B4%D0%BD%D0%BE%D0%B3%D0%BE_%D0%B8%D1%81%D0%BA%D1%83%D1%81%D1%81%D1%82%D0%B2%D0%B0_%D0%B8_%D0%BD%D0%B0%D1%80%D0%BE%D0%B4%D0%BD%D0%BE%D0%B3%D0%BE_%D1%82%D0%B2%D0%BE%D1%80%D1%87%D0%B5%D1%81%D1%82%D0%B2%D0%B0
Кашарский музей истории и краеведения;слобода Кашары,Кашарский район;https://ru.wikipedia.org/wiki/%D0%9A%D0%B0%D1%88%D0%B0%D1%80%D1%81%D0%BA%D0%B8%D0%B9_%D0%BC%D1%83%D0%B7%D0%B5%D0%B9_%D0%B8%D1%81%D1%82%D0%BE%D1%80%D0%B8%D0%B8_%D0%B8_%D0%BA%D1%80%D0%B0%D0%B5%D0%B2%D0%B5%D0%B4%D0%B5%D0%BD%D0%B8%D1%8F
Краеведческий музей Октябрьского района Ростовской области;посёлок Каменоломни,Октябрьский район;https://ru.wikipedia.org/w/index.php?title=%D0%9A%D1%80%D0%B0%D0%B5%D0%B2%D0%B5%D0%B4%D1%87%D0%B5%D1%81%D0%BA%D0%B8%D0%B9_%D0%BC%D1%83%D0%B7%D0%B5%D0%B9_%D0%9E%D0%BA%D1%82%D1%8F%D0%B1%D1%80%D1%8C%D1%81%D0%BA%D0%BE%D0%B3%D0%BE_%D1%80%D0%B0%D0%B9%D0%BE%D0%BD%D0%B0_%D0%A0%D0%BE%D1%81%D1%82%D0%BE%D0%B2%D1%81%D0%BA%D0%BE%D0%B9_%D0%BE%D0%B1%D0%BB%D0%B0%D1%81%D1%82%D0%B8&action=edit&redlink=1
Краеведческий музей школы № 1 (Донецк);город Донецк;https://ru.wikipedia.org/w/index.php?title=%D0%9A%D1%80%D0%B0%D0%B5%D0%B2%D0%B5%D0%B4%D1%87%D0%B5%D1%81%D0%BA%D0%B8%D0%B9_%D0%BC%D1%83%D0%B7%D0%B5%D0%B9_%D1%88%D0%BA%D0%BE%D0%BB%D1%8B_%E2%84%96_1_(%D0%94%D0%BE%D0%BD%D0%B5%D1%86%D0%BA)&action=edit&redlink=1
Литературный музей А. П. Чехова;город Таганрог;https://ru.wikipedia.org/wiki/%D0%9B%D0%B8%D1%82%D0%B5%D1%80%D0%B0%D1%82%D1%83%D1%80%D0%BD%D1%8B%D0%B9_%D0%BC%D1%83%D0%B7%D0%B5%D0%B9_%D0%90._%D0%9F._%D0%A7%D0%B5%D1%85%D0%BE%D0%B2%D0%B0
Мартыновский районный краеведческий музей имени Карпенко;слобода Большая Мартыновка, Мартыновский район;https://ru.wikipedia.org/wiki/%D0%9C%D0%B0%D1%80%D1%82%D1%8B%D0%BD%D0%BE%D0%B2%D1%81%D0%BA%D0%B8%D0%B9_%D1%80%D0%B0%D0%B9%D0%BE%D0%BD%D0%BD%D1%8B%D0%B9_%D0%BA%D1%80%D0%B0%D0%B5%D0%B2%D0%B5%D0%B4%D1%87%D0%B5%D1%81%D0%BA%D0%B8%D0%B9_%D0%BC%D1%83%D0%B7%D0%B5%D0%B9_%D0%B8%D0%BC%D0%B5%D0%BD%D0%B8_%D0%9A%D0%B0%D1%80%D0%BF%D0%B5%D0%BD%D0%BA%D0%BE
Матвеево-Курганский краеведческий музей;посёлок Матвеев Курган, Матвеево-Курганский район;https://ru.wikipedia.org/wiki/%D0%9C%D0%B0%D1%82%D0%B2%D0%B5%D0%B5%D0%B2%D0%BE-%D0%9A%D1%83%D1%80%D0%B3%D0%B0%D0%BD%D1%81%D0%BA%D0%B8%D0%B9_%D0%BA%D1%80%D0%B0%D0%B5%D0%B2%D0%B5%D0%B4%D1%87%D0%B5%D1%81%D0%BA%D0%B8%D0%B9_%D0%BC%D1%83%D0%B7%D0%B5%D0%B9
Миллеровский краеведческий музей;город Миллерово;https://ru.wikipedia.org/wiki/%D0%9C%D0%B8%D0%BB%D0%BB%D0%B5%D1%80%D0%BE%D0%B2%D1%81%D0%BA%D0%B8%D0%B9_%D0%BA%D1%80%D0%B0%D0%B5%D0%B2%D0%B5%D0%B4%D1%87%D0%B5%D1%81%D0%BA%D0%B8%D0%B9_%D0%BC%D1%83%D0%B7%D0%B5%D0%B9
Морозовский краеведческий музей;город Морозовск;https://ru.wikipedia.org/wiki/%D0%9C%D0%BE%D1%80%D0%BE%D0%B7%D0%BE%D0%B2%D1%81%D0%BA%D0%B8%D0%B9_%D0%BA%D1%80%D0%B0%D0%B5%D0%B2%D0%B5%D0%B4%D1%87%D0%B5%D1%81%D0%BA%D0%B8%D0%B9_%D0%BC%D1%83%D0%B7%D0%B5%D0%B9
Музей 13 Героев Советского Союза;хутор Красновка,Тарасовский район;https://ru.wikipedia.org/wiki/%D0%9C%D1%83%D0%B7%D0%B5%D0%B9_13_%D0%93%D0%B5%D1%80%D0%BE%D0%B5%D0%B2_%D0%A1%D0%BE%D0%B2%D0%B5%D1%82%D1%81%D0%BA%D0%BE%D0%B3%D0%BE_%D0%A1%D0%BE%D1%8E%D0%B7%D0%B0
Музей И. Д. Василенко;город Таганрог;https://ru.wikipedia.org/wiki/%D0%9C%D1%83%D0%B7%D0%B5%D0%B9_%D0%98._%D0%94._%D0%92%D0%B0%D1%81%D0%B8%D0%BB%D0%B5%D0%BD%D0%BA%D0%BE
Музей А. А. Дурова;город Таганрог;https://ru.wikipedia.org/wiki/%D0%9C%D1%83%D0%B7%D0%B5%D0%B9_%D0%90._%D0%90._%D0%94%D1%83%D1%80%D0%BE%D0%B2%D0%B0
Музей истории виноградарства и виноделия;город Новочеркасск;https://ru.wikipedia.org/wiki/%D0%9C%D1%83%D0%B7%D0%B5%D0%B9_%D0%B8%D1%81%D1%82%D0%BE%D1%80%D0%B8%D0%B8_%D0%B2%D0%B8%D0%BD%D0%BE%D0%B3%D1%80%D0%B0%D0%B4%D0%B0%D1%80%D1%81%D1%82%D0%B2%D0%B0_%D0%B8_%D0%B2%D0%B8%D0%BD%D0%BE%D0%B4%D0%B5%D0%BB%D0%B8%D1%8F
Музей градостроительства и быта;город Таганрог;https://ru.wikipedia.org/wiki/%D0%9C%D1%83%D0%B7%D0%B5%D0%B9_%D0%B3%D1%80%D0%B0%D0%B4%D0%BE%D1%81%D1%82%D1%80%D0%BE%D0%B8%D1%82%D0%B5%D0%BB%D1%8C%D1%81%D1%82%D0%B2%D0%B0_%D0%B8_%D0%B1%D1%8B%D1%82%D0%B0
Музей истории развития связи на Дону;город Ростов-на-Дону;https://ru.wikipedia.org/wiki/%D0%9C%D1%83%D0%B7%D0%B5%D0%B9_%D0%B8%D1%81%D1%82%D0%BE%D1%80%D0%B8%D0%B8_%D1%80%D0%B0%D0%B7%D0%B2%D0%B8%D1%82%D0%B8%D1%8F_%D1%81%D0%B2%D1%8F%D0%B7%D0%B8_%D0%BD%D0%B0_%D0%94%D0%BE%D0%BD%D1%83
Музей истории Шахтинской милиции;город Шахты;https://ru.wikipedia.org/wiki/%D0%9C%D1%83%D0%B7%D0%B5%D0%B9_%D0%B8%D1%81%D1%82%D0%BE%D1%80%D0%B8%D0%B8_%D0%A3%D0%9C%D0%92%D0%94_%D0%A0%D0%BE%D1%81%D1%81%D0%B8%D0%B8_%D0%BF%D0%BE_%D0%B3%D0%BE%D1%80%D0%BE%D0%B4%D1%83_%D0%A8%D0%B0%D1%85%D1%82%D1%8B_(%D0%9C%D1%83%D0%B7%D0%B5%D0%B9_%D0%B8%D1%81%D1%82%D0%BE%D1%80%D0%B8%D0%B8_%D0%A8%D0%B0%D1%85%D1%82%D0%B8%D0%BD%D1%81%D0%BA%D0%BE%D0%B9_%D0%BC%D0%B8%D0%BB%D0%B8%D1%86%D0%B8%D0%B8)
Музей краеведения Волгодонского района;станица Романовская, Волгодонской район;https://ru.wikipedia.org/wiki/%D0%9C%D1%83%D0%B7%D0%B5%D0%B9_%D0%BA%D1%80%D0%B0%D0%B5%D0%B2%D0%B5%D0%B4%D0%B5%D0%BD%D0%B8%D1%8F_%D0%92%D0%BE%D0%BB%D0%B3%D0%BE%D0%B4%D0%BE%D0%BD%D1%81%D0%BA%D0%BE%D0%B3%D0%BE_%D1%80%D0%B0%D0%B9%D0%BE%D0%BD%D0%B0
Музей «Легенды СССР»;город Каменск-Шахтинский;https://ru.wikipedia.org/wiki/%D0%9C%D1%83%D0%B7%D0%B5%D0%B9_%C2%AB%D0%9B%D0%B5%D0%B3%D0%B5%D0%BD%D0%B4%D1%8B_%D0%A1%D0%A1%D0%A1%D0%A0%C2%BB
Музей русско-армянской дружбы;город Ростов-на-Дону;https://ru.wikipedia.org/wiki/%D0%9C%D1%83%D0%B7%D0%B5%D0%B9_%D1%80%D1%83%D1%81%D1%81%D0%BA%D0%BE-%D0%B0%D1%80%D0%BC%D1%8F%D0%BD%D1%81%D0%BA%D0%BE%D0%B9_%D0%B4%D1%80%D1%83%D0%B6%D0%B1%D1%8B
Музей Северо-Кавказской железной дороги;город Ростов-на-Дону;https://ru.wikipedia.org/wiki/%D0%9C%D1%83%D0%B7%D0%B5%D0%B9_%D0%A1%D0%B5%D0%B2%D0%B5%D1%80%D0%BE-%D0%9A%D0%B0%D0%B2%D0%BA%D0%B0%D0%B7%D1%81%D0%BA%D0%BE%D0%B9_%D0%B6%D0%B5%D0%BB%D0%B5%D0%B7%D0%BD%D0%BE%D0%B9_%D0%B4%D0%BE%D1%80%D0%BE%D0%B3%D0%B8
Музей села Крым;село Крым, Мясниковский район;https://ru.wikipedia.org/wiki/%D0%9C%D1%83%D0%B7%D0%B5%D0%B9_%D1%81%D0%B5%D0%BB%D0%B0_%D0%9A%D1%80%D1%8B%D0%BC
Музей современного изобразительного искусства;город Ростов-на-Дону;https://ru.wikipedia.org/wiki/%D0%9C%D1%83%D0%B7%D0%B5%D0%B9_%D1%81%D0%BE%D0%B2%D1%80%D0%B5%D0%BC%D0%B5%D0%BD%D0%BD%D0%BE%D0%B3%D0%BE_%D0%B8%D0%B7%D0%BE%D0%B1%D1%80%D0%B0%D0%B7%D0%B8%D1%82%D0%B5%D0%BB%D1%8C%D0%BD%D0%BE%D0%B3%D0%BE_%D0%B8%D1%81%D0%BA%D1%83%D1%81%D1%81%D1%82%D0%B2%D0%B0_%D0%BD%D0%B0_%D0%94%D0%BC%D0%B8%D1%82%D1%80%D0%BE%D0%B2%D1%81%D0%BA%D0%BE%D0%B9
Музей Фаины Раневской;город Таганрог;https://ru.wikipedia.org/wiki/%D0%9C%D1%83%D0%B7%D0%B5%D0%B9_%D0%A4%D0%B0%D0%B8%D0%BD%D1%8B_%D0%A0%D0%B0%D0%BD%D0%B5%D0%B2%D1%81%D0%BA%D0%BE%D0%B9
Народный военно-исторический музейный комплекс Великой Отечественной войны;село Самбек, Неклиновский район;https://ru.wikipedia.org/wiki/%D0%9C%D0%B5%D0%BC%D0%BE%D1%80%D0%B8%D0%B0%D0%BB_%D0%A1%D0%BB%D0%B0%D0%B2%D1%8B_%D0%BD%D0%B0_%D0%A1%D0%B0%D0%BC%D0%B1%D0%B5%D0%BA%D1%81%D0%BA%D0%B8%D1%85_%D0%B2%D1%8B%D1%81%D0%BE%D1%82%D0%B0%D1%85#Военно-исторический_музейный_комплекс_«Самбекские_высоты»
Новочеркасский музей истории Донского казачества;город Новочеркасск;https://ru.wikipedia.org/wiki/%D0%9D%D0%BE%D0%B2%D0%BE%D1%87%D0%B5%D1%80%D0%BA%D0%B0%D1%81%D1%81%D0%BA%D0%B8%D0%B9_%D0%BC%D1%83%D0%B7%D0%B5%D0%B9_%D0%B8%D1%81%D1%82%D0%BE%D1%80%D0%B8%D0%B8_%D0%94%D0%BE%D0%BD%D1%81%D0%BA%D0%BE%D0%B3%D0%BE_%D0%BA%D0%B0%D0%B7%D0%B0%D1%87%D0%B5%D1%81%D1%82%D0%B2%D0%B0
Новошахтинский историко-краеведческий музей;город Новошахтинск;https://ru.wikipedia.org/wiki/%D0%9D%D0%BE%D0%B2%D0%BE%D1%88%D0%B0%D1%85%D1%82%D0%B8%D0%BD%D1%81%D0%BA%D0%B8%D0%B9_%D0%B8%D1%81%D1%82%D0%BE%D1%80%D0%B8%D0%BA%D0%BE-%D0%BA%D1%80%D0%B0%D0%B5%D0%B2%D0%B5%D0%B4%D1%87%D0%B5%D1%81%D0%BA%D0%B8%D0%B9_%D0%BC%D1%83%D0%B7%D0%B5%D0%B9
Обливский краеведческий музей;станица Обливская,Обливский район;https://ru.wikipedia.org/wiki/%D0%9E%D0%B1%D0%BB%D0%B8%D0%B2%D1%81%D0%BA%D0%B8%D0%B9_%D0%BA%D1%80%D0%B0%D0%B5%D0%B2%D0%B5%D0%B4%D1%87%D0%B5%D1%81%D0%BA%D0%B8%D0%B9_%D0%BC%D1%83%D0%B7%D0%B5%D0%B9
Раздорский этнографический музей-заповедник;станица Раздорская,Усть-Донецкий район;https://ru.wikipedia.org/wiki/%D0%A0%D0%B0%D0%B7%D0%B4%D0%BE%D1%80%D1%81%D0%BA%D0%B8%D0%B9_%D1%8D%D1%82%D0%BD%D0%BE%D0%B3%D1%80%D0%B0%D1%84%D0%B8%D1%87%D0%B5%D1%81%D0%BA%D0%B8%D0%B9_%D0%BC%D1%83%D0%B7%D0%B5%D0%B9-%D0%B7%D0%B0%D0%BF%D0%BE%D0%B2%D0%B5%D0%B4%D0%BD%D0%B8%D0%BA
Ростовский областной музей изобразительных искусств;город Ростов-на-Дону;https://ru.wikipedia.org/wiki/%D0%A0%D0%BE%D1%81%D1%82%D0%BE%D0%B2%D1%81%D0%BA%D0%B8%D0%B9_%D0%BE%D0%B1%D0%BB%D0%B0%D1%81%D1%82%D0%BD%D0%BE%D0%B9_%D0%BC%D1%83%D0%B7%D0%B5%D0%B9_%D0%B8%D0%B7%D0%BE%D0%B1%D1%80%D0%B0%D0%B7%D0%B8%D1%82%D0%B5%D0%BB%D1%8C%D0%BD%D1%8B%D1%85_%D0%B8%D1%81%D0%BA%D1%83%D1%81%D1%81%D1%82%D0%B2
Ростовский областной музей краеведения;город Ростов-на-Дону;https://ru.wikipedia.org/wiki/%D0%A0%D0%BE%D1%81%D1%82%D0%BE%D0%B2%D1%81%D0%BA%D0%B8%D0%B9_%D0%BE%D0%B1%D0%BB%D0%B0%D1%81%D1%82%D0%BD%D0%BE%D0%B9_%D0%BC%D1%83%D0%B7%D0%B5%D0%B9_%D0%BA%D1%80%D0%B0%D0%B5%D0%B2%D0%B5%D0%B4%D0%B5%D0%BD%D0%B8%D1%8F
Ростовский музей космонавтики;город Ростов-на-Дону;https://ru.wikipedia.org/wiki/%D0%A0%D0%BE%D1%81%D1%82%D0%BE%D0%B2%D1%81%D0%BA%D0%B8%D0%B9_%D0%BC%D1%83%D0%B7%D0%B5%D0%B9_%D0%BA%D0%BE%D1%81%D0%BC%D0%BE%D0%BD%D0%B0%D0%B2%D1%82%D0%B8%D0%BA%D0%B8
Сальский музей имени народного художника В. К. Нечитайло;город Сальск;https://ru.wikipedia.org/wiki/%D0%A1%D0%B0%D0%BB%D1%8C%D1%81%D0%BA%D0%B8%D0%B9_%D0%BC%D1%83%D0%B7%D0%B5%D0%B9_%D0%B8%D0%BC%D0%B5%D0%BD%D0%B8_%D0%BD%D0%B0%D1%80%D0%BE%D0%B4%D0%BD%D0%BE%D0%B3%D0%BE_%D1%85%D1%83%D0%B4%D0%BE%D0%B6%D0%BD%D0%B8%D0%BA%D0%B0_%D0%92._%D0%9A._%D0%9D%D0%B5%D1%87%D0%B8%D1%82%D0%B0%D0%B9%D0%BB%D0%BE
Семикаракорский историко-краеведческий музей;город Семикаракорск;https://ru.wikipedia.org/wiki/%D0%A1%D0%B5%D0%BC%D0%B8%D0%BA%D0%B0%D1%80%D0%B0%D0%BA%D0%BE%D1%80%D1%81%D0%BA%D0%B8%D0%B9_%D0%B8%D1%81%D1%82%D0%BE%D1%80%D0%B8%D0%BA%D0%BE-%D0%BA%D1%80%D0%B0%D0%B5%D0%B2%D0%B5%D0%B4%D1%87%D0%B5%D1%81%D0%BA%D0%B8%D0%B9_%D0%BC%D1%83%D0%B7%D0%B5%D0%B9
Старочеркасский историко-архитектурный музей-заповедник;станица Старочеркасская,Аксайский район;https://ru.wikipedia.org/wiki/%D0%A1%D1%82%D0%B0%D1%80%D0%BE%D1%87%D0%B5%D1%80%D0%BA%D0%B0%D1%81%D1%81%D0%BA%D0%B8%D0%B9_%D0%B8%D1%81%D1%82%D0%BE%D1%80%D0%B8%D0%BA%D0%BE-%D0%B0%D1%80%D1%85%D0%B8%D1%82%D0%B5%D0%BA%D1%82%D1%83%D1%80%D0%BD%D1%8B%D0%B9_%D0%BC%D1%83%D0%B7%D0%B5%D0%B9-%D0%B7%D0%B0%D0%BF%D0%BE%D0%B2%D0%B5%D0%B4%D0%BD%D0%B8%D0%BA
Таганрогский военно-исторический музей;город Таганрог;https://ru.wikipedia.org/wiki/%D0%A2%D0%B0%D0%B3%D0%B0%D0%BD%D1%80%D0%BE%D0%B3%D1%81%D0%BA%D0%B8%D0%B9_%D0%B2%D0%BE%D0%B5%D0%BD%D0%BD%D0%BE-%D0%B8%D1%81%D1%82%D0%BE%D1%80%D0%B8%D1%87%D0%B5%D1%81%D0%BA%D0%B8%D0%B9_%D0%BC%D1%83%D0%B7%D0%B5%D0%B9
Таганрогский государственный литературный и историко-архитектурный музей-заповедник;город Таганрог;https://ru.wikipedia.org/wiki/%D0%A2%D0%B0%D0%B3%D0%B0%D0%BD%D1%80%D0%BE%D0%B3%D1%81%D0%BA%D0%B8%D0%B9_%D0%B3%D0%BE%D1%81%D1%83%D0%B4%D0%B0%D1%80%D1%81%D1%82%D0%B2%D0%B5%D0%BD%D0%BD%D1%8B%D0%B9_%D0%BB%D0%B8%D1%82%D0%B5%D1%80%D0%B0%D1%82%D1%83%D1%80%D0%BD%D1%8B%D0%B9_%D0%B8_%D0%B8%D1%81%D1%82%D0%BE%D1%80%D0%B8%D0%BA%D0%BE-%D0%B0%D1%80%D1%85%D0%B8%D1%82%D0%B5%D0%BA%D1%82%D1%83%D1%80%D0%BD%D1%8B%D0%B9_%D0%BC%D1%83%D0%B7%D0%B5%D0%B9-%D0%B7%D0%B0%D0%BF%D0%BE%D0%B2%D0%B5%D0%B4%D0%BD%D0%B8%D0%BA
Таганрогский музей авиационной техники;город Таганрог;https://ru.wikipedia.org/wiki/%D0%A2%D0%B0%D0%B3%D0%B0%D0%BD%D1%80%D0%BE%D0%B3%D1%81%D0%BA%D0%B8%D0%B9_%D0%BC%D1%83%D0%B7%D0%B5%D0%B9_%D0%B0%D0%B2%D0%B8%D0%B0%D1%86%D0%B8%D0%BE%D0%BD%D0%BD%D0%BE%D0%B9_%D1%82%D0%B5%D1%85%D0%BD%D0%B8%D0%BA%D0%B8
Таганрогский политехнический музей;город Таганрог;https://ru.wikipedia.org/wiki/%D0%A2%D0%B0%D0%B3%D0%B0%D0%BD%D1%80%D0%BE%D0%B3%D1%81%D0%BA%D0%B8%D0%B9_%D0%BF%D0%BE%D0%BB%D0%B8%D1%82%D0%B5%D1%85%D0%BD%D0%B8%D1%87%D0%B5%D1%81%D0%BA%D0%B8%D0%B9_%D0%BC%D1%83%D0%B7%D0%B5%D0%B9
Таганрогский художественный музей;город Таганрог;https://ru.wikipedia.org/wiki/%D0%A2%D0%B0%D0%B3%D0%B0%D0%BD%D1%80%D0%BE%D0%B3%D1%81%D0%BA%D0%B8%D0%B9_%D1%85%D1%83%D0%B4%D0%BE%D0%B6%D0%B5%D1%81%D1%82%D0%B2%D0%B5%D0%BD%D0%BD%D1%8B%D0%B9_%D0%BC%D1%83%D0%B7%D0%B5%D0%B9
Тацинский историко-краеведческий музей;станица Тацинская, Тацинский район;https://ru.wikipedia.org/wiki/%D0%A2%D0%B0%D1%86%D0%B8%D0%BD%D1%81%D0%BA%D0%B8%D0%B9_%D0%B8%D1%81%D1%82%D0%BE%D1%80%D0%B8%D0%BA%D0%BE-%D0%BA%D1%80%D0%B0%D0%B5%D0%B2%D0%B5%D0%B4%D1%87%D0%B5%D1%81%D0%BA%D0%B8%D0%B9_%D0%BC%D1%83%D0%B7%D0%B5%D0%B9
Цимлянский районный краеведческий музей;город Цимлянск, Цимлянский район;https://ru.wikipedia.org/wiki/%D0%A6%D0%B8%D0%BC%D0%BB%D1%8F%D0%BD%D1%81%D0%BA%D0%B8%D0%B9_%D1%80%D0%B0%D0%B9%D0%BE%D0%BD%D0%BD%D1%8B%D0%B9_%D0%BA%D1%80%D0%B0%D0%B5%D0%B2%D0%B5%D0%B4%D1%87%D0%B5%D1%81%D0%BA%D0%B8%D0%B9_%D0%BC%D1%83%D0%B7%D0%B5%D0%B9
Шахтинский краеведческий музей;город Шахты;https://ru.wikipedia.org/wiki/%D0%A8%D0%B0%D1%85%D1%82%D0%B8%D0%BD%D1%81%D0%BA%D0%B8%D0%B9_%D0%BA%D1%80%D0%B0%D0%B5%D0%B2%D0%B5%D0%B4%D1%87%D0%B5%D1%81%D0%BA%D0%B8%D0%B9_%D0%BC%D1%83%D0%B7%D0%B5%D0%B9
